"","taxa","num_entries","perc_dataset","num_papers","perc_papers"
"1","Birds",340,0.465116279069767,36,0.283464566929134
"2","Invertebrates",159,0.217510259917921,28,0.220472440944882
"3","Plants/Trees/Shrubs",85,0.116279069767442,30,0.236220472440945
"4","Fish",75,0.102599179206566,15,0.118110236220472
"5","Mammals",45,0.0615595075239398,13,0.102362204724409
"6","Multiple",17,0.0232558139534884,5,0.0393700787401575
"7","Reptiles",9,0.012311901504788,4,0.031496062992126
"8","Amphibians",1,0.00136798905608755,1,0.0078740157480315
