"","taxa","num_entries","perc_dataset","num_papers","perc_papers"
"1","Birds",372,0.478149100257069,39,0.288888888888889
"2","Invertebrates",161,0.20694087403599,29,0.214814814814815
"3","Plants/Trees/Shrubs",86,0.110539845758355,31,0.22962962962963
"4","Fish",77,0.0989717223650386,16,0.118518518518519
"5","Mammals",55,0.070694087403599,15,0.111111111111111
"6","Multiple",17,0.0218508997429306,5,0.037037037037037
"7","Reptiles",9,0.0115681233933162,4,0.0296296296296296
"8","Amphibians",1,0.0012853470437018,1,0.00740740740740741
