"","taxa","num_entries","perc_dataset","num_papers","perc_papers"
"1","Birds",375,0.471698113207547,39,0.286764705882353
"2","Invertebrates",159,0.2,29,0.213235294117647
"3","Fish",89,0.111949685534591,16,0.117647058823529
"4","Plants/Trees/Shrubs",88,0.110691823899371,32,0.235294117647059
"5","Mammals",56,0.070440251572327,15,0.110294117647059
"6","Multiple",17,0.0213836477987421,5,0.0367647058823529
"7","Reptiles",10,0.0125786163522013,4,0.0294117647058824
"8","Amphibians",1,0.00125786163522013,1,0.00735294117647059
