"","taxa","num_taxonomic","perc_taxonomic","num_functional","perc_functional","num_1sp","perc_1sp","num_multsp","perc_multsp","num_hab","perc_hab"
"1","Amphibians",1,0.00136798905608755,0,0,0,0,1,0.00136798905608755,0,0
"2","Birds",317,0.433652530779754,23,0.0314637482900137,272,0.372093023255814,63,0.0861833105335157,5,0.00683994528043776
"3","Fish",65,0.0889192886456908,10,0.0136798905608755,32,0.0437756497948016,43,0.0588235294117647,0,0
"4","Invertebrates",151,0.20656634746922,8,0.0109439124487004,55,0.0752393980848153,96,0.131326949384405,7,0.00957592339261286
"5","Mammals",40,0.0547195622435021,5,0.00683994528043776,30,0.0410396716826265,13,0.0177838577291382,1,0.00136798905608755
"6","Multiple",17,0.0232558139534884,0,0,1,0.00136798905608755,16,0.0218878248974008,0,0
"7","Plants/Trees/Shrubs",75,0.102599179206566,10,0.0136798905608755,9,0.012311901504788,71,0.0971272229822161,4,0.00547195622435021
"8","Reptiles",9,0.012311901504788,0,0,7,0.00957592339261286,2,0.0027359781121751,0,0
