"","taxa","num_entries","perc_dataset","num_papers","perc_papers"
"1","Birds",377,0.485199485199485,43,0.292517006802721
"2","Invertebrates",157,0.202059202059202,30,0.204081632653061
"3","Fish",86,0.110682110682111,16,0.108843537414966
"4","Plants/Trees/Shrubs",77,0.0990990990990991,33,0.224489795918367
"5","Mammals",49,0.0630630630630631,17,0.115646258503401
"6","Multiple",19,0.0244530244530245,7,0.0476190476190476
"7","Reptiles",11,0.0141570141570142,5,0.0340136054421769
"8","Amphibians",1,0.00128700128700129,1,0.00680272108843537
