"","taxa","num_taxonomic","perc_taxonomic","num_functional","perc_functional","num_1sp","perc_1sp","num_multsp","perc_multsp","num_hab","perc_hab"
"1","Amphibians",1,0.00125786163522013,0,0,0,0,1,0.00125786163522013,0,0
"2","Birds",337,0.423899371069182,38,0.0477987421383648,272,0.342138364779874,95,0.119496855345912,8,0.010062893081761
"3","Fish",74,0.0930817610062893,15,0.0188679245283019,34,0.0427672955974843,55,0.0691823899371069,0,0
"4","Invertebrates",151,0.189937106918239,8,0.010062893081761,55,0.0691823899371069,96,0.120754716981132,7,0.00880503144654088
"5","Mammals",50,0.0628930817610063,6,0.00754716981132075,38,0.0477987421383648,16,0.020125786163522,1,0.00125786163522013
"6","Multiple",17,0.0213836477987421,0,0,1,0.00125786163522013,16,0.020125786163522,0,0
"7","Plants/Trees/Shrubs",78,0.0981132075471698,10,0.0125786163522013,9,0.0113207547169811,74,0.0930817610062893,4,0.0050314465408805
"8","Reptiles",10,0.0125786163522013,0,0,7,0.00880503144654088,3,0.00377358490566038,0,0
